[
  {
    "url": "abc1",
    "title": "Config biến môi trường cho Django",
    "pub_date": "2021-08-03",
    "like": 1
  },
  {
    "url": "abc2",
    "title": "Biểu thức chính quy - Regexb",
    "pub_date": "2021-08-03",
    "like": 3
  },
  {
    "url": "abc3",
    "title": "Config biến môi trường cho Django",
    "pub_date": "2021-08-03",
    "like": 0
  },
  {
    "url": "abc4",
    "title": "Biểu thức chính quy - Regex",
    "pub_date": "2021-08-03",
    "like": 15
  }
]